Week,Home_Team,Away_Team,Result
1,Cubs,Brewers,1
1,Royals,Guardians,1
1,Cardinals,Pirates,1
1,Nationals,Mets,0
1,Braves,Reds,0
1,Angels,Astros,0
1,Diamondbacks,Padres,1
1,Yankees,Red Sox,1
1,Tigers,White Sox,1
1,Phillies,Athletics,1
1,Rays,Orioles,1
1,Rockies,Dodgers,0
1,Twins,Mariners,0
1,Giants,Marlins,1
1,Nationals,Mets,0
1,Blue Jays,Rangers,0
1,Braves,Reds,1
1,Angels,Astros,1
1,Diamondbacks,Padres,0
1,Rays,Orioles,1
1,Tigers,White Sox,0
1,Twins,Mariners,0
1,Cardinals,Pirates,1
1,Cubs,Brewers,1
1,Blue Jays,Rangers,1
1,Phillies,Athletics,1
1,Giants,Marlins,0
1,Yankees,Red Sox,1
1,Royals,Guardians,1
1,Nationals,Mets,0
1,Braves,Reds,1
1,Rockies,Dodgers,1
1,Diamondbacks,Padres,0
1,Angels,Astros,1
1,Phillies,Athletics,0
1,Tigers,White Sox,0
1,Rays,Orioles,1
1,Nationals,Mets,1
1,Braves,Reds,0
1,Blue Jays,Rangers,1
1,Royals,Guardians,1
1,Twins,Mariners,0
1,Cardinals,Pirates,0
1,Cubs,Brewers,0
1,Rockies,Dodgers,1
1,Giants,Marlins,1
1,Angels,Astros,0
1,Diamondbacks,Padres,1
1,Yankees,Red Sox,0
2,Royals,Guardians,1
2,Orioles,Brewers,1
2,Rangers,Rockies,0
2,Tigers,Red Sox,1
2,Rays,Athletics,1
2,Phillies,Mets,1
2,Yankees,Blue Jays,0
2,Braves,Nationals,1
2,Twins,Mariners,1
2,Angels,Marlins,1
2,Giants,Padres,0
2,Tigers,Red Sox,0
2,Reds,Guardians,1
2,White Sox,Mariners,1
2,Pirates,Cubs,0
2,Rays,Athletics,1
2,Phillies,Mets,0
2,Yankees,Blue Jays,1
2,Orioles,Brewers,0
2,Angels,Marlins,1
2,Braves,Nationals,0
2,Twins,Dodgers,0
2,Cardinals,Royals,1
2,Rangers,Rockies,0
2,Diamondbacks,Astros,0
2,Giants,Padres,0
2,Braves,Nationals,0
2,Reds,Guardians,0
2,Pirates,Cubs,1
2,Phillies,Mets,0
2,Tigers,Red Sox,0
2,Twins,Dodgers,0
2,Diamondbacks,Astros,1
2,Giants,Padres,1
2,Rays,Athletics,0
2,Yankees,Blue Jays,0
2,Orioles,Brewers,0
2,White Sox,Mariners,1
2,Rays,Athletics,0
2,White Sox,Mariners,0
2,Brewers,Cardinals,1
2,Pirates,Nationals,1
2,Marlins,Phillies,1
2,Yankees,Blue Jays,1
2,Rangers,Angels,0
2,Royals,Tigers,0
2,Padres,Braves,1
2,Rockies,Cubs,0
2,Dodgers,Reds,1
2,Mets,Diamondbacks,0
2,Red Sox,Twins,0
2,Pirates,Nationals,0
2,Marlins,Phillies,1
2,Orioles,Yankees,1
2,Blue Jays,Athletics,1
2,Guardians,Giants,0
2,White Sox,Rays,1
2,Rangers,Angels,0
2,Royals,Tigers,0
2,Brewers,Cardinals,0
2,Rockies,Cubs,1
2,Padres,Braves,0
2,Mariners,Astros,1
2,Dodgers,Reds,1
2,Mets,Diamondbacks,0
2,White Sox,Rays,1
2,Blue Jays,Athletics,0
2,Padres,Braves,0
2,Royals,Tigers,1
2,Red Sox,Twins,1
2,Guardians,Giants,0
2,Marlins,Phillies,1
2,Pirates,Nationals,1
2,Rangers,Angels,0
2,Orioles,Yankees,0
2,Brewers,Cardinals,0
2,Rockies,Cubs,1
2,Mariners,Astros,0
2,Dodgers,Reds,1
2,Orioles,Yankees,1
2,Red Sox,Twins,1
2,Pirates,Nationals,1
2,Blue Jays,Athletics,1
2,Mets,Diamondbacks,1
2,Guardians,Giants,0
2,Marlins,Phillies,0
2,White Sox,Rays,0
2,Brewers,Cardinals,1
2,Rangers,Angels,0
2,Rockies,Cubs,0
2,Dodgers,Reds,1
2,Mariners,Astros,1
2,Padres,Braves,1
3,Red Sox,Twins,0
3,Cubs,Rays,1
3,Brewers,Pirates,1
3,Astros,Angels,1
3,Rockies,Phillies,1
3,Padres,Reds,1
3,Athletics,Orioles,1
3,Dodgers,Braves,1
3,Nationals,Diamondbacks,1
3,Mets,Giants,1
3,Marlins,Cardinals,0
3,Tigers,Yankees,0
3,Nationals,Diamondbacks,1
3,Mets,Giants,1
3,Red Sox,Blue Jays,1
3,Cubs,Rays,0
3,Brewers,Pirates,1
3,Royals,Twins,1
3,Astros,Angels,0
3,Rockies,Phillies,1
3,Mariners,Rangers,1
3,Padres,Reds,1
3,Athletics,Orioles,1
3,Dodgers,Braves,0
3,Brewers,Pirates,1
3,Guardians,White Sox,1
3,Rockies,Phillies,0
3,Dodgers,Braves,1
3,Padres,Reds,1
3,Athletics,Orioles,0
3,Guardians,White Sox,1
3,Astros,Angels,0
3,Marlins,Cardinals,0
3,Tigers,Yankees,0
3,Nationals,Diamondbacks,1
3,Mets,Giants,0
3,Red Sox,Blue Jays,0
3,Cubs,Rays,0
3,Royals,Twins,1
3,Mariners,Rangers,1
3,Mets,Giants,1
3,Guardians,White Sox,1
3,Tigers,Yankees,1
3,Red Sox,Blue Jays,0
3,Royals,Twins,0
3,Athletics,Orioles,1
3,Nationals,Diamondbacks,0
3,Marlins,Cardinals,1
3,Cubs,Pirates,0
3,Mariners,Rangers,0
3,Cubs,Pirates,0
3,Reds,Cardinals,0
3,Nationals,Giants,0
3,Yankees,Guardians,1
3,Phillies,Brewers,1
3,Rays,Red Sox,0
3,Braves,Marlins,1
3,Astros,Blue Jays,0
3,Twins,White Sox,1
3,Angels,Orioles,0
3,Athletics,Rangers,0
3,Diamondbacks,Mets,0
3,Padres,Dodgers,0
3,Mariners,Royals,1
3,Yankees,Guardians,1
3,Nationals,Giants,0
3,Tigers,Rockies,1
3,Cubs,Pirates,1
3,Twins,White Sox,1
3,Phillies,Brewers,0
3,Athletics,Rangers,0
3,Reds,Cardinals,0
3,Astros,Blue Jays,0
3,Rays,Red Sox,1
3,Tigers,Rockies,0
3,Braves,Marlins,0
3,Diamondbacks,Mets,1
3,Padres,Dodgers,1
3,Angels,Orioles,0
3,Mariners,Royals,0
3,Rays,Red Sox,1
3,Tigers,Rockies,0
3,Nationals,Giants,1
3,Braves,Marlins,0
3,Yankees,Guardians,0
3,Reds,Cardinals,1
3,Astros,Blue Jays,1
3,Twins,White Sox,1
3,Cubs,Pirates,0
3,Athletics,Rangers,1
3,Angels,Orioles,1
3,Diamondbacks,Mets,0
3,Padres,Dodgers,1
3,Mariners,Royals,1
3,Phillies,Brewers,0
4,Brewers,Giants,0
4,Phillies,Rockies,1
4,Blue Jays,Red Sox,1
4,Cardinals,Mets,0
4,Rangers,Astros,1
4,Angels,Guardians,1
4,Diamondbacks,Dodgers,0
4,Pirates,Brewers,1
4,Reds,Padres,0
4,Rays,Mariners,0
4,Phillies,Rockies,0
4,Nationals,Marlins,0
4,Yankees,Orioles,0
4,Blue Jays,Red Sox,1
4,White Sox,Royals,0
4,Braves,Cubs,1
4,Twins,Tigers,1
4,Cardinals,Mets,0
4,Rangers,Astros,0
4,Angels,Guardians,1
4,Diamondbacks,Dodgers,1
4,Giants,Athletics,1
4,Cardinals,Mets,0
4,White Sox,Royals,1
4,Diamondbacks,Dodgers,1
4,Pirates,Brewers,0
4,Reds,Padres,0
4,Rays,Mariners,1
4,Phillies,Rockies,1
4,Yankees,Orioles,1
4,Nationals,Marlins,0
4,Blue Jays,Red Sox,0
4,Braves,Cubs,0
4,Twins,Tigers,1
4,Rangers,Astros,0
4,Angels,Guardians,1
4,Giants,Athletics,0
4,Pirates,Brewers,0
4,Reds,Padres,0
4,Yankees,Orioles,0
4,Phillies,Rockies,1
4,Nationals,Marlins,0
4,Rays,Mariners,1
4,Twins,Tigers,1
4,Rangers,Astros,0
4,White Sox,Royals,0
4,Blue Jays,Red Sox,1
4,Angels,Guardians,1
4,Braves,Cubs,1
4,Cardinals,Diamondbacks,1
4,Pirates,Padres,0
4,Marlins,Mariners,1
4,Orioles,Red Sox,0
4,Blue Jays,Astros,1
4,Rays,Twins,1
4,Mets,Phillies,1
4,White Sox,Angels,0
4,Rangers,Braves,0
4,Brewers,Cubs,1
4,Royals,Yankees,1
4,Cardinals,Diamondbacks,0
4,Rockies,Reds,0
4,Athletics,Guardians,0
4,Dodgers,Tigers,1
4,Giants,Nationals,1
4,Cardinals,Diamondbacks,0
4,Blue Jays,Astros,1
4,White Sox,Angels,1
4,Giants,Nationals,1
4,Athletics,Guardians,0
4,Rays,Twins,0
4,Marlins,Mariners,1
4,Pirates,Padres,1
4,Orioles,Red Sox,1
4,Rangers,Braves,1
4,Mets,Phillies,0
4,Royals,Yankees,0
4,Brewers,Cubs,1
4,Rockies,Reds,1
4,Dodgers,Tigers,0
4,Orioles,Red Sox,1
4,Rays,Twins,0
4,Pirates,Padres,0
4,Blue Jays,Astros,1
4,Marlins,Mariners,0
4,Royals,Yankees,0
4,Brewers,Cubs,0
4,White Sox,Angels,0
4,Cardinals,Diamondbacks,1
4,Rangers,Braves,1
4,Rockies,Reds,1
4,Giants,Nationals,1
4,Athletics,Guardians,0
4,Dodgers,Tigers,1
4,Mets,Phillies,0
5,Cardinals,Royals,1
5,White Sox,Angels,1
5,Marlins,Diamondbacks,0
5,Orioles,Twins,0
5,Blue Jays,Yankees,0
5,Mets,Braves,0
5,Astros,Mariners,1
5,Athletics,Rays,0
5,Mets,Braves,1
5,Mets,Braves,1
5,Marlins,Diamondbacks,0
5,Phillies,Rangers,0
5,Orioles,Twins,0
5,Blue Jays,Yankees,0
5,Red Sox,Angels,1
5,Cubs,White Sox,0
5,Brewers,Reds,1
5,Astros,Mariners,1
5,Royals,Cardinals,1
5,Rockies,Nationals,1
5,Athletics,Rays,1
5,Dodgers,Giants,1
5,Marlins,Diamondbacks,0
5,Guardians,Padres,1
5,Tigers,Pirates,0
5,Tigers,Pirates,1
5,Guardians,Padres,0
5,Mets,Braves,0
5,Royals,Cardinals,0
5,Astros,Mariners,1
5,Athletics,Rays,0
5,Phillies,Rangers,0
5,Orioles,Twins,1
5,Blue Jays,Yankees,1
5,Red Sox,Angels,1
5,Brewers,Reds,0
5,Cubs,White Sox,0
5,Rockies,Nationals,1
5,Dodgers,Giants,1
5,Red Sox,Angels,0
5,Brewers,Reds,0
5,Rockies,Nationals,1
5,Guardians,Blue Jays,1
5,Phillies,Mets,0
5,Orioles,Twins,1
5,Astros,Tigers,1
5,Mariners,Rays,0
5,Padres,Marlins,1
5,Giants,Cardinals,0
5,Red Sox,White Sox,0
5,Braves,Brewers,0
5,Astros,Tigers,1
5,Twins,Athletics,1
5,Angels,Nationals,1
5,Padres,Marlins,1
5,Diamondbacks,Rockies,1
5,Mariners,Rays,0
5,Giants,Cardinals,0
5,Reds,Pirates,1
5,Cubs,Dodgers,0
5,Guardians,Blue Jays,1
5,Twins,Athletics,1
5,Astros,Tigers,1
5,Red Sox,White Sox,0
5,Guardians,Blue Jays,0
5,Reds,Pirates,0
5,Giants,Cardinals,0
5,Braves,Brewers,1
5,Cubs,Dodgers,0
5,Diamondbacks,Rockies,0
5,Padres,Marlins,0
5,Angels,Nationals,0
5,Mariners,Rays,0
5,Red Sox,White Sox,0
5,Phillies,Mets,0
5,Phillies,Mets,1
5,Yankees,Rangers,0
5,Orioles,Royals,1
5,Yankees,Rangers,1
5,Braves,Brewers,1
5,Orioles,Royals,0
5,Guardians,Blue Jays,1
5,Reds,Pirates,1
5,Twins,Athletics,1
5,Astros,Tigers,1
5,Giants,Cardinals,1
5,Angels,Nationals,1
5,Diamondbacks,Rockies,1
5,Mariners,Rays,1
5,Padres,Marlins,1
5,Cubs,Dodgers,0
6,Orioles,Royals,1
6,Yankees,Rangers,1
6,Pirates,Dodgers,1
6,Reds,Brewers,0
6,Tigers,Athletics,0
6,White Sox,Guardians,1
6,Angels,Rays,0
6,Mariners,Phillies,0
6,Padres,Cubs,0
6,Diamondbacks,Marlins,1
6,Giants,Rockies,1
6,Tigers,Athletics,0
6,Tigers,Athletics,1
6,Pirates,Dodgers,0
6,Reds,Brewers,0
6,Nationals,Mets,0
6,Yankees,Blue Jays,1
6,Braves,Red Sox,0
6,Twins,Astros,0
6,Cardinals,Orioles,0
6,Rangers,Royals,1
6,White Sox,Guardians,1
6,Angels,Rays,1
6,Mariners,Phillies,1
6,Diamondbacks,Marlins,1
6,Padres,Cubs,1
6,Giants,Rockies,1
6,Pirates,Dodgers,1
6,Yankees,Blue Jays,1
6,Reds,Brewers,1
6,Diamondbacks,Marlins,1
6,Mariners,Phillies,0
6,Giants,Rockies,1
6,Padres,Cubs,0
6,Nationals,Mets,1
6,Angels,Rays,0
6,Tigers,Athletics,0
6,Braves,Red Sox,1
6,Cardinals,Orioles,1
6,Rangers,Royals,0
6,Nationals,Mets,0
6,Twins,Astros,1
6,Twins,Astros,0
6,Tigers,Athletics,0
6,Cardinals,Orioles,0
6,Pirates,Reds,0
6,Rangers,Royals,1
6,White Sox,Yankees,1
6,Dodgers,Phillies,0
6,Pirates,Reds,0
6,Marlins,Brewers,0
6,Nationals,Astros,0
6,Tigers,Orioles,1
6,Mets,Mariners,0
6,Rays,Blue Jays,1
6,Braves,Padres,1
6,Rangers,Red Sox,0
6,Twins,Guardians,0
6,White Sox,Yankees,1
6,Cardinals,Giants,0
6,Rockies,Royals,0
6,Athletics,Angels,0
6,Diamondbacks,Cubs,1
6,Dodgers,Phillies,0
6,Cardinals,Giants,1
6,Braves,Padres,1
6,Athletics,Angels,1
6,Tigers,Orioles,1
6,Marlins,Brewers,1
6,Rays,Blue Jays,0
6,Pirates,Reds,1
6,Rangers,Red Sox,1
6,Nationals,Astros,0
6,Mets,Mariners,1
6,Twins,Guardians,0
6,White Sox,Yankees,1
6,Diamondbacks,Cubs,0
6,Rockies,Royals,0
6,Athletics,Angels,0
6,Dodgers,Phillies,0
6,Braves,Padres,0
6,Nationals,Astros,0
6,Pirates,Reds,1
6,Marlins,Brewers,0
6,Tigers,Orioles,1
6,Mets,Mariners,0
6,Rays,Blue Jays,1
6,Twins,Guardians,1
6,White Sox,Yankees,0
6,Rangers,Red Sox,1
6,Rockies,Royals,0
6,Athletics,Angels,0
6,Diamondbacks,Cubs,0
6,Dodgers,Phillies,1
6,Cardinals,Giants,0
7,Rays,Tigers,0
7,Marlins,Nationals,1
7,Orioles,Yankees,0
7,Blue Jays,Mariners,1
7,Red Sox,Astros,1
7,Brewers,Braves,1
7,Cubs,Pirates,1
7,Rangers,Angels,1
7,Royals,White Sox,0
7,Rockies,Giants,0
7,Athletics,Twins,0
7,Dodgers,Diamondbacks,1
7,Royals,White Sox,0
7,Mets,Cardinals,0
7,Dodgers,Diamondbacks,1
7,Guardians,Reds,0
7,Rays,Tigers,1
7,Marlins,Nationals,1
7,Phillies,Padres,0
7,Orioles,Yankees,0
7,Blue Jays,Mariners,1
7,Royals,White Sox,1
7,Mets,Cardinals,1
7,Red Sox,Astros,1
7,Cubs,Pirates,1
7,Brewers,Braves,0
7,Rangers,Angels,0
7,Rockies,Giants,1
7,Athletics,Twins,1
7,Dodgers,Diamondbacks,0
7,Rays,Tigers,1
7,Brewers,Braves,1
7,Rockies,Giants,1
7,Athletics,Twins,1
7,Dodgers,Diamondbacks,1
7,Red Sox,Astros,1
7,Marlins,Nationals,0
7,Phillies,Padres,1
7,Orioles,Yankees,0
7,Blue Jays,Mariners,0
7,Mets,Cardinals,0
7,Cubs,Pirates,0
7,Rangers,Angels,1
7,Royals,White Sox,1
7,Orioles,Yankees,1
7,Phillies,Padres,0
7,Guardians,Reds,0
7,Mets,Cardinals,1
7,Royals,White Sox,0
7,Red Sox,Mariners,0
7,Cubs,Diamondbacks,0
7,Astros,Rangers,1
7,Cubs,Diamondbacks,1
7,Pirates,Cardinals,0
7,Marlins,Braves,0
7,Orioles,Rays,1
7,Phillies,Dodgers,0
7,Blue Jays,Reds,1
7,Red Sox,Mariners,1
7,Guardians,Tigers,1
7,Astros,Rangers,0
7,Royals,Twins,0
7,Brewers,Nationals,1
7,Angels,Athletics,0
7,Giants,Padres,0
7,Yankees,White Sox,1
7,Cubs,Diamondbacks,0
7,Blue Jays,Reds,1
7,Rockies,Mets,0
7,Giants,Padres,0
7,Red Sox,Mariners,1
7,Phillies,Dodgers,0
7,Marlins,Braves,0
7,Pirates,Cardinals,0
7,Orioles,Rays,0
7,Astros,Rangers,1
7,Royals,Twins,0
7,Brewers,Nationals,1
7,Rockies,Mets,0
7,Angels,Athletics,1
7,Pirates,Cardinals,1
7,Red Sox,Mariners,1
7,Orioles,Rays,1
7,Phillies,Dodgers,1
7,Blue Jays,Reds,0
7,Marlins,Braves,1
7,Guardians,Tigers,0
7,Astros,Rangers,1
7,Brewers,Nationals,0
7,Royals,Twins,0
7,Cubs,Diamondbacks,1
7,Yankees,White Sox,0
7,Rockies,Mets,0
7,Giants,Padres,0
7,Angels,Athletics,1
7,Yankees,White Sox,0
8,Pirates,Rockies,1
8,Reds,Cubs,0
8,Nationals,Dodgers,0
8,Yankees,Orioles,0
8,Braves,Phillies,0
8,Twins,Tigers,1
8,Cardinals,Blue Jays,1
8,Astros,Guardians,0
8,Diamondbacks,Royals,1
8,Mariners,Athletics,1
8,Padres,Brewers,1
8,Giants,Mets,1
8,Pirates,Rockies,0
8,Reds,Cubs,1
8,Rays,Marlins,1
8,Yankees,Orioles,1
8,Nationals,Dodgers,0
8,Braves,Phillies,1
8,Twins,Tigers,1
8,Cardinals,Blue Jays,0
8,Astros,Guardians,1
8,White Sox,Red Sox,1
8,Angels,Rangers,1
8,Padres,Brewers,0
8,Mariners,Athletics,0
8,Diamondbacks,Royals,1
8,Giants,Mets,1
8,Pirates,Rockies,0
8,Twins,Tigers,0
8,Giants,Mets,1
8,Nationals,Dodgers,1
8,Mariners,Athletics,0
8,Padres,Brewers,0
8,Rays,Marlins,1
8,Reds,Cubs,1
8,Yankees,Orioles,1
8,Braves,Phillies,1
8,White Sox,Red Sox,1
8,Astros,Guardians,1
8,Angels,Rangers,0
8,Reds,Cubs,0
8,Rays,Yankees,0
8,Nationals,Rockies,1
8,Tigers,Guardians,1
8,Braves,Phillies,0
8,Twins,Royals,0
8,Cardinals,Brewers,0
8,White Sox,Red Sox,1
8,Angels,Blue Jays,0
8,Diamondbacks,Dodgers,0
8,Athletics,Rangers,0
8,Reds,Giants,No Result
8,Nationals,Rockies,No Result
8,Red Sox,Orioles,No Result
8,Tigers,Guardians,No Result
8,Mets,Phillies,No Result
8,Rays,Yankees,No Result
8,Braves,Marlins,No Result
8,Twins,Royals,No Result
8,Cardinals,Brewers,No Result
8,Angels,Blue Jays,No Result
8,Padres,Pirates,No Result
8,Athletics,Rangers,No Result
8,Mariners,Astros,No Result
8,Diamondbacks,Dodgers,No Result
8,Red Sox,Orioles,No Result
8,Twins,Royals,No Result
8,Cardinals,Brewers,No Result
8,Nationals,Rockies,No Result
8,Athletics,Rangers,No Result
8,Braves,Marlins,No Result
8,Tigers,Guardians,No Result
8,Reds,Giants,No Result
8,Rays,Yankees,No Result
8,Red Sox,Orioles,No Result
8,White Sox,Cubs,No Result
8,Diamondbacks,Dodgers,No Result
8,Mets,Phillies,No Result
8,Angels,Blue Jays,No Result
8,Mariners,Astros,No Result
8,Padres,Pirates,No Result
8,Reds,Giants,No Result
8,Nationals,Rockies,No Result
8,Braves,Marlins,No Result
8,Red Sox,Orioles,No Result
8,Rays,Yankees,No Result
8,Tigers,Guardians,No Result
8,Twins,Royals,No Result
8,White Sox,Cubs,No Result
8,Cardinals,Brewers,No Result
8,Athletics,Rangers,No Result
8,Angels,Blue Jays,No Result
8,Mariners,Astros,No Result
8,Diamondbacks,Dodgers,No Result
8,Padres,Pirates,No Result
8,Mets,Phillies,No Result
9,Cubs,Brewers,No Result
9,Tigers,Twins,No Result
9,Cardinals,Padres,No Result
9,Phillies,Giants,No Result
9,Athletics,Astros,No Result
9,Rockies,Marlins,No Result
9,Guardians,Royals,No Result
9,Red Sox,Orioles,No Result
9,Mets,Nationals,No Result
9,Cubs,Brewers,No Result
9,Rangers,Rays,No Result
9,Diamondbacks,Braves,No Result
9,Dodgers,Pirates,No Result
9,Tigers,Twins,No Result
9,Guardians,Royals,No Result
9,Phillies,Giants,No Result
9,Orioles,Mariners,No Result
9,Yankees,Angels,No Result
9,Blue Jays,White Sox,No Result
9,Red Sox,Reds,No Result
9,Mets,Nationals,No Result
9,Tigers,Twins,No Result
9,Cardinals,Padres,No Result
9,Rangers,Rays,No Result
9,Cubs,Brewers,No Result
9,Rockies,Marlins,No Result
9,Athletics,Astros,No Result
9,Diamondbacks,Braves,No Result
9,Dodgers,Pirates,No Result
9,Mets,Nationals,No Result
9,Guardians,Royals,No Result
9,Cardinals,Padres,No Result
9,Rockies,Marlins,No Result
9,Athletics,Astros,No Result
9,Diamondbacks,Braves,No Result
9,Phillies,Giants,No Result
9,Yankees,Angels,No Result
9,Orioles,Mariners,No Result
9,Blue Jays,White Sox,No Result
9,Tigers,Twins,No Result
9,Red Sox,Reds,No Result
9,Rangers,Rays,No Result
9,Cubs,Brewers,No Result
9,Dodgers,Pirates,No Result
9,Tigers,Twins,No Result
9,Rangers,Rays,No Result
9,Blue Jays,White Sox,No Result
9,Reds,Nationals,No Result
9,Marlins,Giants,No Result
9,Yankees,Angels,No Result
9,Orioles,Mariners,No Result
9,Brewers,Padres,No Result
9,Cubs,Cardinals,No Result
9,Rockies,Braves,No Result
9,Dodgers,Mets,No Result
9,Cubs,Cardinals,No Result
9,Reds,Nationals,No Result
9,Marlins,Giants,No Result
9,Phillies,Angels,No Result
9,Pirates,Diamondbacks,No Result
9,Orioles,Guardians,No Result
9,Yankees,Tigers,No Result
9,Blue Jays,Twins,No Result
9,Rays,White Sox,No Result
9,Rangers,Mariners,No Result
9,Royals,Astros,No Result
9,Brewers,Padres,No Result
9,Rockies,Braves,No Result
9,Athletics,Red Sox,No Result
9,Dodgers,Mets,No Result
9,Yankees,Tigers,No Result
9,Cubs,Cardinals,No Result
9,Blue Jays,Twins,No Result
9,Orioles,Guardians,No Result
9,Pirates,Diamondbacks,No Result
9,Rangers,Mariners,No Result
9,Athletics,Red Sox,No Result
9,Royals,Astros,No Result
9,Brewers,Padres,No Result
9,Reds,Nationals,No Result
9,Rays,White Sox,No Result
9,Marlins,Giants,No Result
9,Cubs,Cardinals,No Result
9,Phillies,Angels,No Result
9,Rockies,Braves,No Result
9,Dodgers,Mets,No Result
9,Yankees,Tigers,No Result
9,Phillies,Angels,No Result
9,Orioles,Guardians,No Result
9,Pirates,Diamondbacks,No Result
9,Blue Jays,Twins,No Result
9,Reds,Nationals,No Result
9,Rays,White Sox,No Result
9,Marlins,Giants,No Result
9,Royals,Astros,No Result
9,Brewers,Padres,No Result
9,Rangers,Mariners,No Result
9,Rockies,Braves,No Result
9,Athletics,Red Sox,No Result
9,Dodgers,Mets,No Result
9,Cubs,Cardinals,No Result
10,Reds,Diamondbacks,No Result
10,Guardians,Rangers,No Result
10,Astros,Mariners,No Result
10,Royals,Blue Jays,No Result
10,Angels,Red Sox,No Result
10,Padres,Mets,No Result
10,Reds,Diamondbacks,No Result
10,Marlins,Nationals,No Result
10,Pirates,Tigers,No Result
10,Orioles,Cubs,No Result
10,Guardians,Rangers,No Result
10,Rays,Cardinals,No Result
10,Braves,Athletics,No Result
10,Twins,Yankees,No Result
10,White Sox,Dodgers,No Result
10,Brewers,Phillies,No Result
10,Astros,Mariners,No Result
10,Royals,Blue Jays,No Result
10,Angels,Red Sox,No Result
10,Padres,Mets,No Result
10,Giants,Rockies,No Result
10,Pirates,Tigers,No Result
10,Royals,Blue Jays,No Result
10,Marlins,Nationals,No Result
10,Reds,Diamondbacks,No Result
10,Astros,Mariners,No Result
10,Orioles,Cubs,No Result
10,Rays,Cardinals,No Result
10,Guardians,Rangers,No Result
10,Braves,Athletics,No Result
10,Twins,Yankees,No Result
10,White Sox,Dodgers,No Result
10,Brewers,Phillies,No Result
10,Angels,Red Sox,No Result
10,Padres,Mets,No Result
10,Giants,Rockies,No Result
10,Reds,Diamondbacks,No Result
10,Rays,Cardinals,No Result
10,White Sox,Dodgers,No Result
10,Brewers,Phillies,No Result
10,Giants,Rockies,No Result
10,Marlins,Nationals,No Result
10,Guardians,Athletics,No Result
10,Braves,Pirates,No Result
10,Twins,Yankees,No Result
10,Royals,Orioles,No Result
10,Angels,Red Sox,No Result
10,Phillies,Diamondbacks,No Result
10,Yankees,Cubs,No Result
10,Nationals,Brewers,No Result
10,Tigers,Blue Jays,No Result
10,Guardians,Athletics,No Result
10,Braves,Pirates,No Result
10,Astros,Marlins,No Result
10,White Sox,Rangers,No Result
10,Royals,Orioles,No Result
10,Twins,Rays,No Result
10,Cardinals,Reds,No Result
10,Angels,Mets,No Result
10,Padres,Rockies,No Result
10,Mariners,Red Sox,No Result
10,Giants,Dodgers,No Result
10,White Sox,Rangers,No Result
10,Twins,Rays,No Result
10,Cardinals,Reds,No Result
10,Phillies,Diamondbacks,No Result
10,Nationals,Brewers,No Result
10,Padres,Rockies,No Result
10,Braves,Pirates,No Result
10,Tigers,Blue Jays,No Result
10,Astros,Marlins,No Result
10,Royals,Orioles,No Result
10,Guardians,Athletics,No Result
10,Yankees,Cubs,No Result
10,Giants,Dodgers,No Result
10,Angels,Mets,No Result
10,Padres,Rockies,No Result
10,Mariners,Red Sox,No Result
10,Guardians,Athletics,No Result
10,Phillies,Diamondbacks,No Result
10,Braves,Pirates,No Result
10,Yankees,Cubs,No Result
10,Nationals,Brewers,No Result
10,Tigers,Blue Jays,No Result
10,Royals,Orioles,No Result
10,Twins,Rays,No Result
10,White Sox,Rangers,No Result
10,Astros,Marlins,No Result
10,Cardinals,Reds,No Result
10,Giants,Dodgers,No Result
10,Padres,Rockies,No Result
10,Mariners,Red Sox,No Result
10,Angels,Mets,No Result
11,Phillies,Marlins,No Result
11,Nationals,Braves,No Result
11,Blue Jays,Orioles,No Result
11,Tigers,White Sox,No Result
11,Cardinals,Pirates,No Result
11,Rangers,Astros,No Result
11,Cubs,Padres,No Result
11,Diamondbacks,Reds,No Result
11,Giants,Royals,No Result
11,Mariners,Twins,No Result
11,Cardinals,Pirates,No Result
11,Yankees,Rays,No Result
11,Nationals,Braves,No Result
11,Phillies,Marlins,No Result
11,Blue Jays,Orioles,No Result
11,Mets,Brewers,No Result
11,Tigers,White Sox,No Result
11,Red Sox,Athletics,No Result
11,Cardinals,Pirates,No Result
11,Cubs,Padres,No Result
11,Rangers,Astros,No Result
11,Rockies,Guardians,No Result
11,Diamondbacks,Reds,No Result
11,Giants,Royals,No Result
11,Mariners,Twins,No Result
11,Dodgers,Angels,No Result
11,Phillies,Marlins,No Result
11,Tigers,White Sox,No Result
11,Rangers,Astros,No Result
11,Diamondbacks,Reds,No Result
11,Giants,Royals,No Result
11,Mariners,Twins,No Result
11,Nationals,Braves,No Result
11,Yankees,Rays,No Result
11,Blue Jays,Orioles,No Result
11,Mets,Brewers,No Result
11,Red Sox,Athletics,No Result
11,Cardinals,Pirates,No Result
11,Cubs,Padres,No Result
11,Rockies,Guardians,No Result
11,Dodgers,Angels,No Result
11,Red Sox,Athletics,No Result
11,Cubs,Padres,No Result
11,Blue Jays,Orioles,No Result
11,Rockies,Guardians,No Result
11,Yankees,Rays,No Result
11,Nationals,Phillies,No Result
11,Mets,Brewers,No Result
11,Tigers,Rangers,No Result
11,Mariners,Angels,No Result
11,Nationals,Phillies,No Result
11,Cubs,Braves,No Result
11,Orioles,Rays,No Result
11,Reds,Brewers,No Result
11,Pirates,Giants,No Result
11,Nationals,Phillies,No Result
11,Blue Jays,Yankees,No Result
11,Mets,Marlins,No Result
11,Tigers,Rangers,No Result
11,Red Sox,Cardinals,No Result
11,Astros,White Sox,No Result
11,Rockies,Padres,No Result
11,Athletics,Royals,No Result
11,Diamondbacks,Twins,No Result
11,Dodgers,Guardians,No Result
11,Mariners,Angels,No Result
11,Cubs,Braves,No Result
11,Blue Jays,Yankees,No Result
11,Pirates,Giants,No Result
11,Orioles,Rays,No Result
11,Athletics,Royals,No Result
11,Reds,Brewers,No Result
11,Tigers,Rangers,No Result
11,Mets,Marlins,No Result
11,Astros,White Sox,No Result
11,Mariners,Angels,No Result
11,Nationals,Phillies,No Result
11,Red Sox,Cardinals,No Result
11,Dodgers,Guardians,No Result
11,Rockies,Padres,No Result
11,Mariners,Angels,No Result
11,Diamondbacks,Twins,No Result
11,Nationals,Phillies,No Result
11,Red Sox,Cardinals,No Result
11,Orioles,Rays,No Result
11,Pirates,Giants,No Result
11,Blue Jays,Yankees,No Result
11,Tigers,Rangers,No Result
11,Mets,Marlins,No Result
11,Reds,Brewers,No Result
11,Astros,White Sox,No Result
11,Cubs,Braves,No Result
11,Rockies,Padres,No Result
11,Athletics,Royals,No Result
11,Diamondbacks,Twins,No Result
11,Mariners,Angels,No Result
11,Dodgers,Guardians,No Result
12,Mets,Marlins,No Result
12,Pirates,Cubs,No Result
12,Red Sox,Tigers,No Result
12,Rays,Yankees,No Result
12,Braves,Giants,No Result
12,White Sox,Blue Jays,No Result
12,Brewers,Cardinals,No Result
12,Angels,Royals,No Result
12,Padres,Diamondbacks,No Result
12,Reds,Dodgers,No Result
12,Marlins,Rockies,No Result
12,Pirates,Cubs,No Result
12,Orioles,Nationals,No Result
12,Rays,Yankees,No Result
12,Red Sox,Tigers,No Result
12,Braves,Giants,No Result
12,Twins,Guardians,No Result
12,Rangers,Phillies,No Result
12,Brewers,Cardinals,No Result
12,Astros,Mets,No Result
12,White Sox,Blue Jays,No Result
12,Angels,Royals,No Result
12,Padres,Diamondbacks,No Result
12,Athletics,Mariners,No Result
12,White Sox,Blue Jays,No Result
12,Astros,Mets,No Result
12,Rangers,Phillies,No Result
12,Padres,Diamondbacks,No Result
12,Reds,Dodgers,No Result
12,Marlins,Rockies,No Result
12,Pirates,Cubs,No Result
12,Orioles,Nationals,No Result
12,Red Sox,Tigers,No Result
12,Rays,Yankees,No Result
12,Braves,Giants,No Result
12,Twins,Guardians,No Result
12,Brewers,Cardinals,No Result
12,Athletics,Mariners,No Result
12,Angels,Royals,No Result
12,Marlins,Rockies,No Result
12,Braves,Giants,No Result
12,Reds,Dodgers,No Result
12,Pirates,Cubs,No Result
12,Twins,Guardians,No Result
12,Brewers,Cardinals,No Result
12,Athletics,Mariners,No Result
12,Yankees,Astros,No Result
12,White Sox,Orioles,No Result
12,Padres,Phillies,No Result
12,Marlins,Mets,No Result
12,Yankees,Astros,No Result
12,Rays,Pirates,No Result
12,Guardians,Red Sox,No Result
12,Braves,Dodgers,No Result
12,Rangers,Nationals,No Result
12,White Sox,Orioles,No Result
12,Brewers,Blue Jays,No Result
12,Royals,Athletics,No Result
12,Twins,Rockies,No Result
12,Cardinals,Cubs,No Result
12,Angels,Mariners,No Result
12,Padres,Phillies,No Result
12,Diamondbacks,Tigers,No Result
12,Giants,Reds,No Result
12,Yankees,Astros,No Result
12,Rays,Pirates,No Result
12,White Sox,Orioles,No Result
12,Cardinals,Cubs,No Result
12,Rangers,Nationals,No Result
12,Royals,Athletics,No Result
12,Marlins,Mets,No Result
12,Brewers,Blue Jays,No Result
12,Guardians,Red Sox,No Result
12,Twins,Rockies,No Result
12,Braves,Dodgers,No Result
12,Giants,Reds,No Result
12,Angels,Mariners,No Result
12,Padres,Phillies,No Result
12,Diamondbacks,Tigers,No Result
12,Marlins,Mets,No Result
12,Yankees,Astros,No Result
12,Braves,Dodgers,No Result
12,Guardians,Red Sox,No Result
12,Rays,Pirates,No Result
12,Royals,Athletics,No Result
12,Twins,Rockies,No Result
12,White Sox,Orioles,No Result
12,Brewers,Blue Jays,No Result
12,Cardinals,Cubs,No Result
12,Rangers,Nationals,No Result
12,Giants,Reds,No Result
12,Angels,Mariners,No Result
12,Padres,Phillies,No Result
12,Diamondbacks,Tigers,No Result
13,Nationals,Pirates,No Result
13,Yankees,Athletics,No Result
13,Blue Jays,Red Sox,No Result
13,Guardians,Twins,No Result
13,Cardinals,Marlins,No Result
13,Royals,Rangers,No Result
13,Rockies,Dodgers,No Result
13,Angels,White Sox,No Result
13,Mariners,Orioles,No Result
13,Guardians,Twins,No Result
13,Nationals,Pirates,No Result
13,Phillies,Braves,No Result
13,Yankees,Athletics,No Result
13,Blue Jays,Red Sox,No Result
13,Guardians,Twins,No Result
13,Mets,Astros,No Result
13,Rays,Brewers,No Result
13,Cardinals,Marlins,No Result
13,Cubs,Reds,No Result
13,Royals,Rangers,No Result
13,Rockies,Dodgers,No Result
13,Angels,White Sox,No Result
13,Diamondbacks,Padres,No Result
13,Giants,Tigers,No Result
13,Mariners,Orioles,No Result
13,Rays,Brewers,No Result
13,Nationals,Pirates,No Result
13,Yankees,Athletics,No Result
13,Mets,Astros,No Result
13,Royals,Rangers,No Result
13,Diamondbacks,Padres,No Result
13,Giants,Tigers,No Result
13,Mariners,Orioles,No Result
13,Phillies,Braves,No Result
13,Blue Jays,Red Sox,No Result
13,Guardians,Twins,No Result
13,Cardinals,Marlins,No Result
13,Cubs,Reds,No Result
13,Rockies,Dodgers,No Result
13,Angels,White Sox,No Result
13,Guardians,Twins,No Result
13,Phillies,Braves,No Result
13,Astros,Yankees,No Result
13,Pirates,Brewers,No Result
13,Blue Jays,Rays,No Result
13,Cubs,Reds,No Result
13,Mariners,Athletics,No Result
13,Dodgers,Padres,No Result
13,Cubs,Red Sox,No Result
13,Blue Jays,Rays,No Result
13,Nationals,Marlins,No Result
13,Phillies,Cardinals,No Result
13,Reds,Braves,No Result
13,Pirates,Brewers,No Result
13,Guardians,Yankees,No Result
13,Tigers,Royals,No Result
13,Mets,Rangers,No Result
13,Twins,Orioles,No Result
13,Rockies,Diamondbacks,No Result
13,Astros,Angels,No Result
13,Dodgers,Padres,No Result
13,Mariners,Athletics,No Result
13,Giants,White Sox,No Result
13,Blue Jays,Rays,No Result
13,Twins,Orioles,No Result
13,Phillies,Cardinals,No Result
13,Giants,White Sox,No Result
13,Nationals,Marlins,No Result
13,Pirates,Brewers,No Result
13,Mariners,Athletics,No Result
13,Mets,Rangers,No Result
13,Reds,Braves,No Result
13,Astros,Angels,No Result
13,Tigers,Royals,No Result
13,Blue Jays,Rays,No Result
13,Guardians,Yankees,No Result
13,Cubs,Red Sox,No Result
13,Dodgers,Padres,No Result
13,Rockies,Diamondbacks,No Result
13,Tigers,Royals,No Result
13,Pirates,Brewers,No Result
13,Nationals,Marlins,No Result
13,Blue Jays,Rays,No Result
13,Mets,Rangers,No Result
13,Reds,Braves,No Result
13,Guardians,Yankees,No Result
13,Astros,Angels,No Result
13,Twins,Orioles,No Result
13,Cubs,Red Sox,No Result
13,Rockies,Diamondbacks,No Result
13,Giants,White Sox,No Result
13,Dodgers,Padres,No Result
13,Mariners,Athletics,No Result
13,Phillies,Cardinals,No Result
14,Nationals,Marlins,No Result
14,Orioles,Rangers,No Result
14,Tigers,Guardians,No Result
14,Red Sox,Rays,No Result
14,Brewers,Cubs,No Result
14,Astros,Royals,No Result
14,Reds,Mets,No Result
14,Padres,Mariners,No Result
14,Braves,Cardinals,No Result
14,White Sox,Twins,No Result
14,Athletics,Blue Jays,No Result
14,Diamondbacks,Giants,No Result
14,Dodgers,Rockies,No Result
14,Padres,Mariners,No Result
14,Reds,Mets,No Result
14,Marlins,Angels,No Result
14,Pirates,Yankees,No Result
14,Orioles,Rangers,No Result
14,Phillies,Nationals,No Result
14,Tigers,Guardians,No Result
14,Red Sox,Rays,No Result
14,Braves,Cardinals,No Result
14,Brewers,Cubs,No Result
14,Astros,Royals,No Result
14,White Sox,Twins,No Result
14,Diamondbacks,Giants,No Result
14,Athletics,Blue Jays,No Result
14,Dodgers,Rockies,No Result
14,Tigers,Guardians,No Result
14,Brewers,Cubs,No Result
14,White Sox,Twins,No Result
14,Athletics,Blue Jays,No Result
14,Reds,Mets,No Result
14,Marlins,Angels,No Result
14,Orioles,Rangers,No Result
14,Phillies,Nationals,No Result
14,Pirates,Yankees,No Result
14,Red Sox,Rays,No Result
14,Braves,Cardinals,No Result
14,Astros,Royals,No Result
14,Diamondbacks,Giants,No Result
14,Dodgers,Rockies,No Result
14,Astros,Royals,No Result
14,Reds,Pirates,No Result
14,Phillies,Nationals,No Result
14,Orioles,Angels,No Result
14,Red Sox,Yankees,No Result
14,Mets,Marlins,No Result
14,Reds,Pirates,No Result
14,Braves,Cardinals,No Result
14,White Sox,Tigers,No Result
14,Diamondbacks,Rockies,No Result
14,Padres,Giants,No Result
14,Dodgers,Cubs,No Result
14,Mariners,Blue Jays,No Result
14,Reds,Rays,No Result
14,Orioles,Angels,No Result
14,Mets,Marlins,No Result
14,Red Sox,Yankees,No Result
14,Braves,Nationals,No Result
14,Rangers,Twins,No Result
14,Royals,Guardians,No Result
14,White Sox,Tigers,No Result
14,Brewers,Pirates,No Result
14,Cardinals,Phillies,No Result
14,Athletics,Astros,No Result
14,Padres,Giants,No Result
14,Diamondbacks,Rockies,No Result
14,Dodgers,Cubs,No Result
14,Mariners,Blue Jays,No Result
14,White Sox,Tigers,No Result
14,Cardinals,Phillies,No Result
14,Rangers,Twins,No Result
14,Orioles,Angels,No Result
14,Athletics,Astros,No Result
14,Reds,Rays,No Result
14,Brewers,Pirates,No Result
14,Mets,Marlins,No Result
14,Diamondbacks,Rockies,No Result
14,Royals,Guardians,No Result
14,Braves,Nationals,No Result
14,Red Sox,Yankees,No Result
14,Padres,Giants,No Result
14,Mariners,Blue Jays,No Result
14,Dodgers,Cubs,No Result
14,Orioles,Angels,No Result
14,Braves,Nationals,No Result
14,Reds,Rays,No Result
14,Mets,Marlins,No Result
14,White Sox,Tigers,No Result
14,Brewers,Pirates,No Result
14,Royals,Guardians,No Result
14,Cardinals,Phillies,No Result
14,Rangers,Twins,No Result
14,Athletics,Astros,No Result
14,Diamondbacks,Rockies,No Result
14,Mariners,Blue Jays,No Result
14,Padres,Giants,No Result
14,Dodgers,Cubs,No Result
14,Red Sox,Yankees,No Result
15,Royals,Tigers,No Result
15,Marlins,Pirates,No Result
15,Rays,Red Sox,No Result
15,Guardians,White Sox,No Result
15,Cardinals,Phillies,No Result
15,Braves,Mets,No Result
15,Rangers,Athletics,No Result
15,Royals,Tigers,No Result
15,Rockies,Padres,No Result
15,Giants,Diamondbacks,No Result
15,Guardians,White Sox,No Result
15,Marlins,Pirates,No Result
15,Nationals,Mariners,No Result
15,Yankees,Reds,No Result
15,Blue Jays,Phillies,No Result
15,Guardians,White Sox,No Result
15,Rays,Red Sox,No Result
15,Braves,Mets,No Result
15,Twins,Brewers,No Result
15,Cardinals,Dodgers,No Result
15,Rangers,Athletics,No Result
15,Cubs,Orioles,No Result
15,Royals,Tigers,No Result
15,Rockies,Padres,No Result
15,Angels,Astros,No Result
15,Giants,Diamondbacks,No Result
15,Nationals,Mariners,No Result
15,Braves,Mets,No Result
15,Twins,Brewers,No Result
15,Royals,Tigers,No Result
15,Giants,Diamondbacks,No Result
15,Marlins,Pirates,No Result
15,Yankees,Reds,No Result
15,Blue Jays,Phillies,No Result
15,Guardians,White Sox,No Result
15,Rays,Red Sox,No Result
15,Cardinals,Dodgers,No Result
15,Cubs,Orioles,No Result
15,Rangers,Athletics,No Result
15,Rockies,Padres,No Result
15,Angels,Astros,No Result
15,Marlins,Pirates,No Result
15,Rockies,Padres,No Result
15,Nationals,Braves,No Result
15,Yankees,Reds,No Result
15,Blue Jays,Royals,No Result
15,Guardians,Tigers,No Result
15,Rays,Red Sox,No Result
15,Cardinals,Dodgers,No Result
15,Twins,White Sox,No Result
15,Cubs,Mets,No Result
15,Rangers,Mariners,No Result
15,Angels,Astros,No Result
15,Giants,Brewers,No Result
15,Cubs,Mets,No Result
15,Marlins,Phillies,No Result
15,Nationals,Braves,No Result
15,Yankees,Red Sox,No Result
15,Blue Jays,Royals,No Result
15,Guardians,Tigers,No Result
15,Rays,Orioles,No Result
15,Rangers,Mariners,No Result
15,Twins,White Sox,No Result
15,Astros,Athletics,No Result
15,Cardinals,Reds,No Result
15,Rockies,Pirates,No Result
15,Angels,Dodgers,No Result
15,Padres,Diamondbacks,No Result
15,Giants,Brewers,No Result
15,Twins,White Sox,No Result
15,Cardinals,Reds,No Result
15,Cubs,Mets,No Result
15,Blue Jays,Royals,No Result
15,Rockies,Pirates,No Result
15,Rangers,Mariners,No Result
15,Nationals,Braves,No Result
15,Marlins,Phillies,No Result
15,Guardians,Tigers,No Result
15,Astros,Athletics,No Result
15,Rays,Orioles,No Result
15,Yankees,Red Sox,No Result
15,Giants,Brewers,No Result
15,Padres,Diamondbacks,No Result
15,Angels,Dodgers,No Result
15,Blue Jays,Royals,No Result
15,Nationals,Braves,No Result
15,Yankees,Red Sox,No Result
15,Rays,Orioles,No Result
15,Guardians,Tigers,No Result
15,Marlins,Phillies,No Result
15,Astros,Athletics,No Result
15,Twins,White Sox,No Result
15,Cardinals,Reds,No Result
15,Cubs,Mets,No Result
15,Rangers,Mariners,No Result
15,Rockies,Pirates,No Result
15,Giants,Brewers,No Result
15,Padres,Diamondbacks,No Result
16,Athletics,Tigers,No Result
16,Marlins,Rangers,No Result
16,Astros,Yankees,No Result
16,Athletics,Tigers,No Result
16,Astros,Yankees,No Result
16,Dodgers,Giants,No Result
16,Reds,Cardinals,No Result
16,Phillies,Cubs,No Result
16,Pirates,Marlins,No Result
16,Orioles,Yankees,No Result
16,Mets,Padres,No Result
16,Red Sox,Blue Jays,No Result
16,Braves,Angels,No Result
16,Brewers,Rockies,No Result
16,Royals,Rays,No Result
16,White Sox,Guardians,No Result
16,Athletics,Rangers,No Result
16,Diamondbacks,Nationals,No Result
16,Mariners,Astros,No Result
16,Dodgers,Giants,No Result
16,White Sox,Guardians,No Result
16,Red Sox,Blue Jays,No Result
16,Mariners,Astros,No Result
16,Phillies,Cubs,No Result
16,Tigers,Twins,No Result
16,Reds,Cardinals,No Result
16,Orioles,Yankees,No Result
16,Pirates,Marlins,No Result
16,Royals,Rays,No Result
16,Mets,Padres,No Result
16,Brewers,Rockies,No Result
16,White Sox,Guardians,No Result
16,Dodgers,Giants,No Result
16,Braves,Angels,No Result
16,Diamondbacks,Nationals,No Result
16,Athletics,Rangers,No Result
16,Phillies,Cubs,No Result
16,Red Sox,Blue Jays,No Result
16,Braves,Angels,No Result
16,Pirates,Marlins,No Result
16,Orioles,Yankees,No Result
16,Mets,Padres,No Result
16,Reds,Cardinals,No Result
16,Tigers,Twins,No Result
16,Royals,Rays,No Result
16,White Sox,Guardians,No Result
16,Brewers,Rockies,No Result
16,Athletics,Rangers,No Result
16,Diamondbacks,Nationals,No Result
16,Mariners,Astros,No Result
16,Dodgers,Giants,No Result
17,Reds,Marlins,No Result
17,Orioles,Rays,No Result
17,Phillies,Braves,No Result
17,Tigers,Padres,No Result
17,Red Sox,Guardians,No Result
17,Cubs,Pirates,No Result
17,Royals,Angels,No Result
17,Brewers,Rockies,No Result
17,Athletics,Astros,No Result
17,Diamondbacks,Giants,No Result
17,Dodgers,Nationals,No Result
17,Mariners,Rangers,No Result
17,Cubs,Pirates,No Result
17,Reds,Marlins,No Result
17,Orioles,Rays,No Result
17,Phillies,Braves,No Result
17,Blue Jays,Cardinals,No Result
17,Red Sox,Guardians,No Result
17,Tigers,Padres,No Result
17,Mets,Yankees,No Result
17,Brewers,Twins,No Result
17,Royals,Angels,No Result
17,Rockies,White Sox,No Result
17,Athletics,Astros,No Result
17,Diamondbacks,Giants,No Result
17,Dodgers,Nationals,No Result
17,Mariners,Rangers,No Result
17,Phillies,Braves,No Result
17,Tigers,Padres,No Result
17,Royals,Angels,No Result
17,Brewers,Twins,No Result
17,Dodgers,Nationals,No Result
17,Rockies,White Sox,No Result
17,Athletics,Astros,No Result
17,Diamondbacks,Giants,No Result
17,Mariners,Rangers,No Result
17,Reds,Marlins,No Result
17,Orioles,Rays,No Result
17,Blue Jays,Cardinals,No Result
17,Mets,Yankees,No Result
17,Red Sox,Guardians,No Result
17,Reds,Marlins,No Result
17,Orioles,Rays,No Result
17,Pirates,Phillies,No Result
17,Yankees,Royals,No Result
17,Blue Jays,Tigers,No Result
17,Red Sox,Guardians,No Result
17,Astros,Mariners,No Result
17,Rockies,Dodgers,No Result
17,Angels,Rangers,No Result
17,Giants,Cubs,No Result
17,Reds,Orioles,No Result
17,Marlins,Mets,No Result
17,Nationals,Cardinals,No Result
17,Pirates,Phillies,No Result
17,Yankees,Royals,No Result
17,Blue Jays,Tigers,No Result
17,Rays,Guardians,No Result
17,Red Sox,Brewers,No Result
17,Braves,Diamondbacks,No Result
17,Astros,Mariners,No Result
17,White Sox,Athletics,No Result
17,Rockies,Dodgers,No Result
17,Angels,Rangers,No Result
17,Padres,Twins,No Result
17,Giants,Cubs,No Result
17,Rays,Guardians,No Result
17,Yankees,Royals,No Result
17,Blue Jays,Tigers,No Result
17,Red Sox,Brewers,No Result
17,Marlins,Mets,No Result
17,Reds,Orioles,No Result
17,Astros,Mariners,No Result
17,Nationals,Cardinals,No Result
17,Pirates,Phillies,No Result
17,White Sox,Athletics,No Result
17,Braves,Diamondbacks,No Result
17,Rockies,Dodgers,No Result
17,Padres,Twins,No Result
17,Giants,Cubs,No Result
17,Angels,Rangers,No Result
17,Blue Jays,Tigers,No Result
17,Nationals,Cardinals,No Result
17,Pirates,Phillies,No Result
17,Braves,Diamondbacks,No Result
17,Yankees,Royals,No Result
17,Red Sox,Brewers,No Result
17,Marlins,Mets,No Result
17,Reds,Orioles,No Result
17,Rays,Guardians,No Result
17,Astros,Mariners,No Result
17,White Sox,Athletics,No Result
17,Rockies,Dodgers,No Result
17,Giants,Cubs,No Result
17,Angels,Rangers,No Result
17,Padres,Twins,No Result
18,Marlins,Reds,No Result
18,Yankees,Mariners,No Result
18,Nationals,Mets,No Result
18,Guardians,Diamondbacks,No Result
18,Twins,Tigers,No Result
18,Rangers,Orioles,No Result
18,Astros,Red Sox,No Result
18,White Sox,Royals,No Result
18,Padres,Rockies,No Result
18,Giants,Dodgers,No Result
18,Padres,Rockies,No Result
18,Marlins,Reds,No Result
18,Nationals,Mets,No Result
18,Yankees,Mariners,No Result
18,Pirates,Brewers,No Result
18,Guardians,Diamondbacks,No Result
18,Rays,Blue Jays,No Result
18,Braves,Phillies,No Result
18,Twins,Tigers,No Result
18,Cardinals,Cubs,No Result
18,Rangers,Orioles,No Result
18,Astros,Red Sox,No Result
18,White Sox,Royals,No Result
18,Angels,Athletics,No Result
18,Giants,Dodgers,No Result
18,Padres,Rockies,No Result
18,Rays,Blue Jays,No Result
18,Braves,Phillies,No Result
18,Yankees,Mariners,No Result
18,Guardians,Diamondbacks,No Result
18,Twins,Tigers,No Result
18,Rangers,Orioles,No Result
18,Astros,Red Sox,No Result
18,White Sox,Royals,No Result
18,Nationals,Mets,No Result
18,Marlins,Reds,No Result
18,Pirates,Brewers,No Result
18,Cardinals,Cubs,No Result
18,Angels,Athletics,No Result
18,Padres,Rockies,No Result
18,Giants,Dodgers,No Result
18,Pirates,Brewers,No Result
18,Giants,Dodgers,No Result
18,Angels,Athletics,No Result
18,Padres,Rockies,No Result
18,Phillies,Nationals,No Result
18,Guardians,Astros,No Result
18,Tigers,Rays,No Result
18,Mets,Braves,No Result
18,Twins,Blue Jays,No Result
18,Cardinals,Cubs,No Result
18,Rangers,White Sox,No Result
18,Royals,Red Sox,No Result
18,Cubs,Marlins,No Result
18,Orioles,Pirates,No Result
18,Phillies,Nationals,No Result
18,Mets,Braves,No Result
18,Guardians,Astros,No Result
18,Tigers,Rays,No Result
18,Rangers,White Sox,No Result
18,Royals,Red Sox,No Result
18,Twins,Blue Jays,No Result
18,Brewers,Reds,No Result
18,Cardinals,Yankees,No Result
18,Diamondbacks,Rockies,No Result
18,Dodgers,Padres,No Result
18,Mariners,Angels,No Result
18,Mets,Braves,No Result
18,Cubs,Marlins,No Result
18,Mariners,Angels,No Result
18,Orioles,Pirates,No Result
18,Phillies,Nationals,No Result
18,Guardians,Astros,No Result
18,Tigers,Rays,No Result
18,Rangers,White Sox,No Result
18,Athletics,Giants,No Result
18,Royals,Red Sox,No Result
18,Mets,Braves,No Result
18,Twins,Blue Jays,No Result
18,Brewers,Reds,No Result
18,Cardinals,Yankees,No Result
18,Diamondbacks,Rockies,No Result
18,Dodgers,Padres,No Result
18,Mariners,Angels,No Result
18,Guardians,Astros,No Result
18,Orioles,Pirates,No Result
18,Phillies,Nationals,No Result
18,Tigers,Rays,No Result
18,Royals,Red Sox,No Result
18,Twins,Blue Jays,No Result
18,Brewers,Reds,No Result
18,Cardinals,Yankees,No Result
18,Cubs,Marlins,No Result
18,Rangers,White Sox,No Result
18,Athletics,Giants,No Result
18,Mets,Braves,No Result
18,Mariners,Angels,No Result
18,Diamondbacks,Rockies,No Result
18,Dodgers,Padres,No Result
19,Orioles,Blue Jays,No Result
19,Mets,Reds,No Result
19,Cubs,Nationals,No Result
19,Athletics,Angels,No Result
19,Diamondbacks,Pirates,No Result
19,Padres,Giants,No Result
19,Mariners,Yankees,No Result
19,Orioles,Blue Jays,No Result
19,Phillies,Marlins,No Result
19,Tigers,Guardians,No Result
19,Mets,Reds,No Result
19,Red Sox,Braves,No Result
19,Cubs,Nationals,No Result
19,Astros,Rangers,No Result
19,Royals,White Sox,No Result
19,Brewers,Rays,No Result
19,Rockies,Cardinals,No Result
19,Athletics,Angels,No Result
19,Diamondbacks,Pirates,No Result
19,Padres,Giants,No Result
19,Dodgers,Twins,No Result
19,Mariners,Yankees,No Result
19,Mets,Reds,No Result
19,Royals,White Sox,No Result
19,Brewers,Rays,No Result
19,Cubs,Nationals,No Result
19,Athletics,Angels,No Result
19,Padres,Giants,No Result
19,Mariners,Yankees,No Result
19,Orioles,Blue Jays,No Result
19,Phillies,Marlins,No Result
19,Tigers,Guardians,No Result
19,Red Sox,Braves,No Result
19,Royals,White Sox,No Result
19,Astros,Rangers,No Result
19,Rockies,Cardinals,No Result
19,Diamondbacks,Pirates,No Result
19,Dodgers,Twins,No Result
19,Phillies,Marlins,No Result
19,Tigers,Guardians,No Result
19,Astros,Rangers,No Result
19,Royals,White Sox,No Result
19,Rockies,Cardinals,No Result
19,Diamondbacks,Pirates,No Result
19,Red Sox,Orioles,No Result
19,Reds,Cubs,No Result
19,Marlins,Braves,No Result
19,Nationals,Padres,No Result
19,Blue Jays,Guardians,No Result
19,Rays,Orioles,No Result
19,Mets,Phillies,No Result
19,White Sox,Tigers,No Result
19,Red Sox,Yankees,No Result
19,Rangers,Mariners,No Result
19,Astros,Athletics,No Result
19,Royals,Dodgers,No Result
19,Cardinals,Brewers,No Result
19,Rockies,Diamondbacks,No Result
19,Angels,Twins,No Result
19,Giants,Pirates,No Result
19,Marlins,Braves,No Result
19,Blue Jays,Guardians,No Result
19,Rays,Orioles,No Result
19,Reds,Cubs,No Result
19,Nationals,Padres,No Result
19,Marlins,Braves,No Result
19,Royals,Dodgers,No Result
19,Astros,Athletics,No Result
19,Mets,Phillies,No Result
19,White Sox,Tigers,No Result
19,Rangers,Mariners,No Result
19,Red Sox,Yankees,No Result
19,Cardinals,Brewers,No Result
19,Rockies,Diamondbacks,No Result
19,Giants,Pirates,No Result
19,Angels,Twins,No Result
19,Red Sox,Yankees,No Result
19,Nationals,Padres,No Result
19,Blue Jays,Guardians,No Result
19,Reds,Cubs,No Result
19,Rays,Orioles,No Result
19,Mets,Phillies,No Result
19,Marlins,Braves,No Result
19,Royals,Dodgers,No Result
19,Astros,Athletics,No Result
19,White Sox,Tigers,No Result
19,Cardinals,Brewers,No Result
19,Rangers,Mariners,No Result
19,Rockies,Diamondbacks,No Result
19,Giants,Pirates,No Result
19,Angels,Twins,No Result
20,Marlins,Padres,No Result
20,Reds,Phillies,No Result
20,Yankees,Rays,No Result
20,Nationals,Cubs,No Result
20,Blue Jays,Orioles,No Result
20,Guardians,Tigers,No Result
20,Braves,Mets,No Result
20,Twins,Royals,No Result
20,Rangers,Athletics,No Result
20,White Sox,Astros,No Result
20,Brewers,Dodgers,No Result
20,Angels,Mariners,No Result
20,Giants,Diamondbacks,No Result
20,Reds,Phillies,No Result
20,Marlins,Padres,No Result
20,Nationals,Cubs,No Result
20,Pirates,Red Sox,No Result
20,Yankees,Rays,No Result
20,Blue Jays,Orioles,No Result
20,Guardians,Tigers,No Result
20,Braves,Mets,No Result
20,Twins,Royals,No Result
20,Cardinals,Rockies,No Result
20,Rangers,Athletics,No Result
20,White Sox,Astros,No Result
20,Brewers,Dodgers,No Result
20,Angels,Mariners,No Result
20,Giants,Diamondbacks,No Result
20,Reds,Phillies,No Result
20,Nationals,Cubs,No Result
20,Twins,Royals,No Result
20,Blue Jays,Orioles,No Result
20,Angels,Mariners,No Result
20,Marlins,Padres,No Result
20,Pirates,Red Sox,No Result
20,Yankees,Rays,No Result
20,Guardians,Tigers,No Result
20,Braves,Mets,No Result
20,Cardinals,Rockies,No Result
20,Rangers,Athletics,No Result
20,White Sox,Astros,No Result
20,Brewers,Dodgers,No Result
20,Giants,Diamondbacks,No Result
20,Cardinals,Rockies,No Result
20,Rangers,Athletics,No Result
20,White Sox,Astros,No Result
20,Brewers,Dodgers,No Result
20,Giants,Diamondbacks,No Result
20,Pirates,Red Sox,No Result
20,Yankees,Blue Jays,No Result
20,Rays,Royals,No Result
20,Braves,Mets,No Result
20,Padres,Nationals,No Result
20,Cubs,Brewers,No Result
20,Yankees,Blue Jays,No Result
20,Orioles,Red Sox,No Result
20,Pirates,Reds,No Result
20,Phillies,Mets,No Result
20,Guardians,White Sox,No Result
20,Tigers,Angels,No Result
20,Rays,Royals,No Result
20,Braves,Astros,No Result
20,Twins,Rangers,No Result
20,Rockies,Giants,No Result
20,Padres,Nationals,No Result
20,Athletics,Mariners,No Result
20,Diamondbacks,Cardinals,No Result
20,Dodgers,Marlins,No Result
20,Yankees,Blue Jays,No Result
20,Phillies,Mets,No Result
20,Tigers,Angels,No Result
20,Cubs,Brewers,No Result
20,Orioles,Red Sox,No Result
20,Rays,Royals,No Result
20,Guardians,White Sox,No Result
20,Pirates,Reds,No Result
20,Twins,Rangers,No Result
20,Phillies,Mets,No Result
20,Athletics,Mariners,No Result
20,Braves,Astros,No Result
20,Rockies,Giants,No Result
20,Diamondbacks,Cardinals,No Result
20,Padres,Nationals,No Result
20,Dodgers,Marlins,No Result
20,Guardians,White Sox,No Result
20,Pirates,Reds,No Result
20,Phillies,Mets,No Result
20,Braves,Astros,No Result
20,Yankees,Blue Jays,No Result
20,Tigers,Angels,No Result
20,Rays,Royals,No Result
20,Twins,Rangers,No Result
20,Cubs,Brewers,No Result
20,Rockies,Giants,No Result
20,Athletics,Mariners,No Result
20,Padres,Nationals,No Result
20,Diamondbacks,Cardinals,No Result
20,Dodgers,Marlins,No Result
20,Orioles,Red Sox,No Result
21,Royals,White Sox,No Result
21,Phillies,Reds,No Result
21,Pirates,Braves,No Result
21,Yankees,Mets,No Result
21,Rays,Angels,No Result
21,Twins,Rangers,No Result
21,Cubs,Cardinals,No Result
21,Athletics,Marlins,No Result
21,Dodgers,Brewers,No Result
21,Cubs,Cardinals,No Result
21,Phillies,Reds,No Result
21,Pirates,Braves,No Result
21,Orioles,White Sox,No Result
21,Yankees,Mets,No Result
21,Tigers,Giants,No Result
21,Rays,Angels,No Result
21,Red Sox,Blue Jays,No Result
21,Cubs,Cardinals,No Result
21,Royals,Diamondbacks,No Result
21,Astros,Twins,No Result
21,Rockies,Rangers,No Result
21,Padres,Guardians,No Result
21,Athletics,Marlins,No Result
21,Mariners,Nationals,No Result
21,Dodgers,Brewers,No Result
21,Pirates,Braves,No Result
21,Tigers,Giants,No Result
21,Rockies,Rangers,No Result
21,Athletics,Marlins,No Result
21,Padres,Guardians,No Result
21,Mariners,Nationals,No Result
21,Phillies,Reds,No Result
21,Orioles,White Sox,No Result
21,Rays,Angels,No Result
21,Red Sox,Blue Jays,No Result
21,Cubs,Cardinals,No Result
21,Royals,Diamondbacks,No Result
21,Astros,Twins,No Result
21,Dodgers,Brewers,No Result
21,Rays,Angels,No Result
21,Cubs,Cardinals,No Result
21,Mariners,Guardians,No Result
21,Phillies,Reds,No Result
21,Orioles,White Sox,No Result
21,Mets,Rockies,No Result
21,Red Sox,Blue Jays,No Result
21,Astros,Twins,No Result
21,Athletics,Yankees,No Result
21,Marlins,Dodgers,No Result
21,Nationals,Reds,No Result
21,Phillies,Pirates,No Result
21,Blue Jays,Angels,No Result
21,Mets,Rockies,No Result
21,Red Sox,Rays,No Result
21,Rangers,Tigers,No Result
21,Astros,Orioles,No Result
21,Royals,Padres,No Result
21,Twins,Giants,No Result
21,White Sox,Diamondbacks,No Result
21,Brewers,Cubs,No Result
21,Cardinals,Braves,No Result
21,Athletics,Yankees,No Result
21,Mariners,Guardians,No Result
21,Blue Jays,Angels,No Result
21,Red Sox,Rays,No Result
21,Phillies,Pirates,No Result
21,Marlins,Dodgers,No Result
21,Nationals,Reds,No Result
21,Rangers,Tigers,No Result
21,Astros,Orioles,No Result
21,Mets,Rockies,No Result
21,Royals,Padres,No Result
21,White Sox,Diamondbacks,No Result
21,Brewers,Cubs,No Result
21,Twins,Giants,No Result
21,Cardinals,Braves,No Result
21,Athletics,Yankees,No Result
21,Mariners,Guardians,No Result
21,Red Sox,Rays,No Result
21,Marlins,Dodgers,No Result
21,Nationals,Reds,No Result
21,Phillies,Pirates,No Result
21,Blue Jays,Angels,No Result
21,Mets,Rockies,No Result
21,Astros,Orioles,No Result
21,Royals,Padres,No Result
21,Twins,Giants,No Result
21,White Sox,Diamondbacks,No Result
21,Brewers,Cubs,No Result
21,Cardinals,Braves,No Result
21,Rangers,Tigers,No Result
21,Athletics,Yankees,No Result
21,Mariners,Guardians,No Result
22,Reds,Cardinals,No Result
22,Marlins,Dodgers,No Result
22,Blue Jays,Cubs,No Result
22,Twins,Red Sox,No Result
22,Brewers,Pirates,No Result
22,Angels,Yankees,No Result
22,Diamondbacks,Phillies,No Result
22,Giants,Padres,No Result
22,Guardians,Orioles,No Result
22,Reds,Cardinals,No Result
22,Marlins,Rays,No Result
22,Nationals,Athletics,No Result
22,Blue Jays,Cubs,No Result
22,Mets,Dodgers,No Result
22,Tigers,Mariners,No Result
22,Braves,Rockies,No Result
22,Twins,Red Sox,No Result
22,Rangers,Astros,No Result
22,White Sox,Royals,No Result
22,Brewers,Pirates,No Result
22,Angels,Yankees,No Result
22,Diamondbacks,Phillies,No Result
22,Giants,Padres,No Result
22,Rangers,Astros,No Result
22,Brewers,Pirates,No Result
22,Giants,Padres,No Result
22,Guardians,Orioles,No Result
22,Reds,Cardinals,No Result
22,Marlins,Rays,No Result
22,Nationals,Athletics,No Result
22,Blue Jays,Cubs,No Result
22,Mets,Dodgers,No Result
22,Tigers,Mariners,No Result
22,Braves,Rockies,No Result
22,Twins,Red Sox,No Result
22,White Sox,Royals,No Result
22,Angels,Yankees,No Result
22,Diamondbacks,Phillies,No Result
22,Tigers,Mariners,No Result
22,White Sox,Royals,No Result
22,Nationals,Athletics,No Result
22,Mets,Dodgers,No Result
22,Guardians,Orioles,No Result
22,Red Sox,Rangers,No Result
22,Braves,Rockies,No Result
22,Diamondbacks,Brewers,No Result
22,Pirates,Blue Jays,No Result
22,Reds,Rockies,No Result
22,Orioles,Athletics,No Result
22,Tigers,Royals,No Result
22,Mets,Nationals,No Result
22,Guardians,Mariners,No Result
22,Red Sox,Rangers,No Result
22,Rays,Yankees,No Result
22,Braves,Marlins,No Result
22,White Sox,Twins,No Result
22,Cardinals,Cubs,No Result
22,Angels,Astros,No Result
22,Diamondbacks,Brewers,No Result
22,Dodgers,Padres,No Result
22,Giants,Phillies,No Result
22,Giants,Phillies,No Result
22,Red Sox,Rangers,No Result
22,Tigers,Royals,No Result
22,Rays,Yankees,No Result
22,Pirates,Blue Jays,No Result
22,Reds,Rockies,No Result
22,Orioles,Athletics,No Result
22,White Sox,Twins,No Result
22,Mets,Nationals,No Result
22,Guardians,Mariners,No Result
22,Cardinals,Cubs,No Result
22,Braves,Marlins,No Result
22,Diamondbacks,Brewers,No Result
22,Angels,Astros,No Result
22,Dodgers,Padres,No Result
22,Guardians,Mariners,No Result
22,Pirates,Blue Jays,No Result
22,Red Sox,Rangers,No Result
22,Braves,Marlins,No Result
22,Orioles,Athletics,No Result
22,Tigers,Royals,No Result
22,Mets,Nationals,No Result
22,Rays,Yankees,No Result
22,Reds,Rockies,No Result
22,White Sox,Twins,No Result
22,Cardinals,Cubs,No Result
22,Giants,Phillies,No Result
22,Angels,Astros,No Result
22,Dodgers,Padres,No Result
22,Diamondbacks,Brewers,No Result
23,Pirates,Mets,No Result
23,Orioles,Blue Jays,No Result
23,Yankees,Twins,No Result
23,Rays,Red Sox,No Result
23,Rockies,Brewers,No Result
23,Cardinals,Nationals,No Result
23,Padres,Diamondbacks,No Result
23,Mariners,White Sox,No Result
23,Astros,Rangers,No Result
23,Royals,Guardians,No Result
23,Angels,Tigers,No Result
23,Dodgers,Giants,No Result
23,Pirates,Mets,No Result
23,Rays,Red Sox,No Result
23,Phillies,Marlins,No Result
23,Orioles,Blue Jays,No Result
23,Yankees,Twins,No Result
23,Cubs,Reds,No Result
23,Cardinals,Nationals,No Result
23,Royals,Guardians,No Result
23,Astros,Rangers,No Result
23,Rockies,Brewers,No Result
23,Angels,Tigers,No Result
23,Padres,Diamondbacks,No Result
23,Athletics,Braves,No Result
23,Mariners,White Sox,No Result
23,Dodgers,Giants,No Result
23,Rockies,Brewers,No Result
23,Athletics,Braves,No Result
23,Angels,Tigers,No Result
23,Dodgers,Giants,No Result
23,Mariners,White Sox,No Result
23,Pirates,Mets,No Result
23,Rays,Red Sox,No Result
23,Phillies,Marlins,No Result
23,Orioles,Blue Jays,No Result
23,Yankees,Twins,No Result
23,Cubs,Reds,No Result
23,Cardinals,Nationals,No Result
23,Royals,Guardians,No Result
23,Astros,Rangers,No Result
23,Padres,Diamondbacks,No Result
23,Brewers,Giants,No Result
23,Cardinals,Nationals,No Result
23,Cubs,Reds,No Result
23,Brewers,Giants,No Result
23,Phillies,Marlins,No Result
23,Yankees,Twins,No Result
23,Athletics,White Sox,No Result
23,Cubs,Giants,No Result
23,Pirates,Cardinals,No Result
23,Marlins,Mets,No Result
23,Orioles,Red Sox,No Result
23,Phillies,Nationals,No Result
23,Yankees,Rays,No Result
23,Rangers,Blue Jays,No Result
23,Astros,Angels,No Result
23,Royals,Tigers,No Result
23,Twins,Guardians,No Result
23,Brewers,Reds,No Result
23,Rockies,Diamondbacks,No Result
23,Padres,Dodgers,No Result
23,Mariners,Braves,No Result
23,Athletics,White Sox,No Result
23,Yankees,Rays,No Result
23,Cubs,Giants,No Result
23,Athletics,White Sox,No Result
23,Orioles,Red Sox,No Result
23,Phillies,Nationals,No Result
23,Marlins,Mets,No Result
23,Pirates,Cardinals,No Result
23,Rangers,Blue Jays,No Result
23,Royals,Tigers,No Result
23,Twins,Guardians,No Result
23,Astros,Angels,No Result
23,Brewers,Reds,No Result
23,Rockies,Diamondbacks,No Result
23,Padres,Dodgers,No Result
23,Mariners,Braves,No Result
23,Orioles,Red Sox,No Result
23,Phillies,Nationals,No Result
23,Pirates,Cardinals,No Result
23,Yankees,Rays,No Result
23,Marlins,Mets,No Result
23,Astros,Angels,No Result
23,Royals,Tigers,No Result
23,Twins,Guardians,No Result
23,Brewers,Reds,No Result
23,Cubs,Giants,No Result
23,Rangers,Blue Jays,No Result
23,Rockies,Diamondbacks,No Result
23,Athletics,White Sox,No Result
23,Padres,Dodgers,No Result
23,Mariners,Braves,No Result
24,Marlins,Rangers,No Result
24,Guardians,Angels,No Result
24,Tigers,Astros,No Result
24,Reds,Pirates,No Result
24,Blue Jays,Rays,No Result
24,Marlins,Rangers,No Result
24,Mets,Cubs,No Result
24,Diamondbacks,Dodgers,No Result
24,Giants,Braves,No Result
24,Reds,Pirates,No Result
24,Blue Jays,Rays,No Result
24,Guardians,Angels,No Result
24,Reds,Pirates,No Result
24,Tigers,Astros,No Result
24,Marlins,Phillies,No Result
24,Nationals,Orioles,No Result
24,Blue Jays,Rays,No Result
24,Mets,Cubs,No Result
24,Red Sox,Yankees,No Result
24,Twins,Royals,No Result
24,Cardinals,Brewers,No Result
24,Rangers,Athletics,No Result
24,White Sox,Rockies,No Result
24,Diamondbacks,Dodgers,No Result
24,Mariners,Padres,No Result
24,Giants,Braves,No Result
24,Reds,Pirates,No Result
24,Guardians,Angels,No Result
24,Tigers,Astros,No Result
24,Giants,Braves,No Result
24,Mariners,Padres,No Result
24,Marlins,Phillies,No Result
24,Nationals,Orioles,No Result
24,Blue Jays,Rays,No Result
24,Mets,Cubs,No Result
24,Red Sox,Yankees,No Result
24,Twins,Royals,No Result
24,Cardinals,Brewers,No Result
24,Rangers,Athletics,No Result
24,White Sox,Rockies,No Result
24,Diamondbacks,Dodgers,No Result
24,Blue Jays,Rays,No Result
24,Marlins,Phillies,No Result
24,Mets,Pirates,No Result
24,Twins,Royals,No Result
24,Cardinals,Reds,No Result
24,Astros,Athletics,No Result
24,Diamondbacks,Padres,No Result
24,Cubs,Rockies,No Result
24,Nationals,Marlins,No Result
24,Blue Jays,Orioles,No Result
24,Red Sox,Royals,No Result
24,Mets,Pirates,No Result
24,Rays,Rangers,No Result
24,Guardians,Twins,No Result
24,Tigers,White Sox,No Result
24,Braves,Phillies,No Result
24,Astros,Athletics,No Result
24,Brewers,Yankees,No Result
24,Cardinals,Reds,No Result
24,Angels,Mariners,No Result
24,Diamondbacks,Padres,No Result
24,Giants,Dodgers,No Result
24,Guardians,Twins,No Result
24,Cubs,Rockies,No Result
24,Blue Jays,Orioles,No Result
24,Nationals,Marlins,No Result
24,Red Sox,Royals,No Result
24,Rays,Rangers,No Result
24,Tigers,White Sox,No Result
24,Guardians,Twins,No Result
24,Astros,Athletics,No Result
24,Mets,Pirates,No Result
24,Brewers,Yankees,No Result
24,Cardinals,Reds,No Result
24,Braves,Phillies,No Result
24,Diamondbacks,Padres,No Result
24,Giants,Dodgers,No Result
24,Angels,Mariners,No Result
24,Rays,Rangers,No Result
24,Tigers,White Sox,No Result
24,Red Sox,Royals,No Result
24,Braves,Phillies,No Result
24,Nationals,Marlins,No Result
24,Blue Jays,Orioles,No Result
24,Mets,Pirates,No Result
24,Guardians,Twins,No Result
24,Astros,Athletics,No Result
24,Brewers,Yankees,No Result
24,Cardinals,Reds,No Result
24,Cubs,Rockies,No Result
24,Giants,Dodgers,No Result
24,Angels,Mariners,No Result
24,Diamondbacks,Padres,No Result
25,Guardians,Twins,No Result
25,Angels,Mariners,No Result
25,Rays,Astros,No Result
25,Marlins,Cubs,No Result
25,Orioles,Tigers,No Result
25,Braves,Nationals,No Result
25,Brewers,Mets,No Result
25,Rockies,Giants,No Result
25,Dodgers,Diamondbacks,No Result
25,Dodgers,Diamondbacks,No Result
25,Reds,Red Sox,No Result
25,Rays,Astros,No Result
25,Marlins,Cubs,No Result
25,Phillies,Blue Jays,No Result
25,Orioles,Tigers,No Result
25,Yankees,Pirates,No Result
25,Braves,Nationals,No Result
25,Brewers,Mets,No Result
25,Rangers,Angels,No Result
25,Royals,Twins,No Result
25,White Sox,Guardians,No Result
25,Rockies,Giants,No Result
25,Athletics,Mariners,No Result
25,Padres,Cardinals,No Result
25,Dodgers,Diamondbacks,No Result
25,Braves,Nationals,No Result
25,Brewers,Mets,No Result
25,Reds,Red Sox,No Result
25,Rays,Astros,No Result
25,Marlins,Cubs,No Result
25,Phillies,Blue Jays,No Result
25,Orioles,Tigers,No Result
25,Yankees,Pirates,No Result
25,Rangers,Angels,No Result
25,Royals,Twins,No Result
25,White Sox,Guardians,No Result
25,Rockies,Giants,No Result
25,Athletics,Mariners,No Result
25,Padres,Cardinals,No Result
25,Dodgers,Diamondbacks,No Result
25,Rangers,Angels,No Result
25,Royals,Twins,No Result
25,Rockies,Giants,No Result
25,Athletics,Mariners,No Result
25,Padres,Cardinals,No Result
25,Pirates,Cubs,No Result
25,Rays,Blue Jays,No Result
25,Reds,Brewers,No Result
25,Phillies,Braves,No Result
25,Orioles,Astros,No Result
25,Yankees,Red Sox,No Result
25,White Sox,Guardians,No Result
25,Dodgers,Diamondbacks,No Result
25,Pirates,Cubs,No Result
25,Marlins,Nationals,No Result
25,Reds,Brewers,No Result
25,Orioles,Astros,No Result
25,Phillies,Braves,No Result
25,Yankees,Red Sox,No Result
25,Rays,Blue Jays,No Result
25,Rangers,Guardians,No Result
25,Rockies,Padres,No Result
25,Royals,Mariners,No Result
25,Twins,Angels,No Result
25,White Sox,Tigers,No Result
25,Athletics,Mets,No Result
25,Diamondbacks,Giants,No Result
25,Dodgers,Cardinals,No Result
25,Yankees,Red Sox,No Result
25,Phillies,Braves,No Result
25,Athletics,Mets,No Result
25,Rays,Blue Jays,No Result
25,Marlins,Nationals,No Result
25,Pirates,Cubs,No Result
25,Reds,Brewers,No Result
25,Orioles,Astros,No Result
25,Rangers,Guardians,No Result
25,Royals,Mariners,No Result
25,Twins,Angels,No Result
25,White Sox,Tigers,No Result
25,Rockies,Padres,No Result
25,Diamondbacks,Giants,No Result
25,Dodgers,Cardinals,No Result
25,Orioles,Astros,No Result
25,Phillies,Braves,No Result
25,Rays,Blue Jays,No Result
25,Pirates,Cubs,No Result
25,Yankees,Red Sox,No Result
25,Marlins,Nationals,No Result
25,Reds,Brewers,No Result
25,Royals,Mariners,No Result
25,Twins,Angels,No Result
25,White Sox,Tigers,No Result
25,Rangers,Guardians,No Result
25,Rockies,Padres,No Result
25,Athletics,Mets,No Result
25,Diamondbacks,Giants,No Result
25,Dodgers,Cardinals,No Result
26,Pirates,Reds,No Result
26,Nationals,Braves,No Result
26,Blue Jays,Yankees,No Result
26,Red Sox,Orioles,No Result
26,Guardians,Rays,No Result
26,Pirates,Reds,No Result
26,Tigers,Royals,No Result
26,Nationals,Braves,No Result
26,Blue Jays,Yankees,No Result
26,Red Sox,Orioles,No Result
26,Mets,Marlins,No Result
26,Cubs,Phillies,No Result
26,Twins,White Sox,No Result
26,Brewers,Cardinals,No Result
26,Astros,Diamondbacks,No Result
26,Angels,Athletics,No Result
26,Padres,Dodgers,No Result
26,Mariners,Rangers,No Result
26,Giants,Rockies,No Result
26,Pirates,Reds,No Result
26,Guardians,Rays,No Result
26,Tigers,Royals,No Result
26,Nationals,Braves,No Result
26,Blue Jays,Yankees,No Result
26,Red Sox,Orioles,No Result
26,Mets,Marlins,No Result
26,Cubs,Phillies,No Result
26,Twins,White Sox,No Result
26,Brewers,Cardinals,No Result
26,Astros,Diamondbacks,No Result
26,Angels,Athletics,No Result
26,Padres,Dodgers,No Result
26,Mariners,Rangers,No Result
26,Giants,Rockies,No Result
26,Tigers,Royals,No Result
26,Twins,White Sox,No Result
26,Red Sox,Orioles,No Result
26,Cubs,Phillies,No Result
26,Guardians,Rays,No Result
26,Brewers,Marlins,No Result
26,Angels,Athletics,No Result
26,Padres,Dodgers,No Result
26,Mariners,Rangers,No Result
26,Giants,Rockies,No Result
26,Cubs,Reds,No Result
26,Nationals,Phillies,No Result
26,Yankees,Orioles,No Result
26,Blue Jays,Red Sox,No Result
26,Guardians,Royals,No Result
26,Tigers,Twins,No Result
26,Braves,Mets,No Result
26,Astros,Rays,No Result
26,Brewers,Marlins,No Result
26,Cardinals,Pirates,No Result
26,Angels,Rangers,No Result
26,Mariners,Athletics,No Result
26,Padres,White Sox,No Result
26,Dodgers,Rockies,No Result
26,Giants,Diamondbacks,No Result
26,Nationals,Phillies,No Result
26,Yankees,Orioles,No Result
26,Cubs,Reds,No Result
26,Blue Jays,Red Sox,No Result
26,Giants,Diamondbacks,No Result
26,Mariners,Athletics,No Result
26,Guardians,Royals,No Result
26,Tigers,Twins,No Result
26,Nationals,Phillies,No Result
26,Astros,Rays,No Result
26,Brewers,Marlins,No Result
26,Cardinals,Pirates,No Result
26,Braves,Mets,No Result
26,Padres,White Sox,No Result
26,Angels,Rangers,No Result
26,Dodgers,Rockies,No Result
26,Tigers,Twins,No Result
26,Nationals,Phillies,No Result
26,Braves,Mets,No Result
26,Yankees,Orioles,No Result
26,Blue Jays,Red Sox,No Result
26,Guardians,Royals,No Result
26,Astros,Rays,No Result
26,Brewers,Marlins,No Result
26,Cardinals,Pirates,No Result
26,Cubs,Reds,No Result
26,Giants,Diamondbacks,No Result
26,Angels,Rangers,No Result
26,Dodgers,Rockies,No Result
26,Mariners,Athletics,No Result
26,Padres,White Sox,No Result
27,Guardians,Royals,No Result
27,Pirates,Cardinals,No Result
27,Reds,Cubs,No Result
27,Marlins,Braves,No Result
27,Orioles,Blue Jays,No Result
27,Rangers,Yankees,No Result
27,Mets,Nationals,No Result
27,Red Sox,Rays,No Result
27,Brewers,Diamondbacks,No Result
27,Astros,Phillies,No Result
27,White Sox,Twins,No Result
27,Athletics,Angels,No Result
27,Mariners,Tigers,No Result
27,Padres,Giants,No Result
27,Dodgers,Rockies,No Result
27,Mariners,Tigers,No Result
27,Rangers,Yankees,No Result
27,Guardians,Royals,No Result
27,Mariners,Tigers,No Result
27,Pirates,Cardinals,No Result
27,Reds,Cubs,No Result
27,Marlins,Braves,No Result
27,Orioles,Blue Jays,No Result
27,Mets,Nationals,No Result
27,Red Sox,Rays,No Result
27,Brewers,Diamondbacks,No Result
27,Rangers,Yankees,No Result
27,Astros,Phillies,No Result
27,White Sox,Twins,No Result
27,Athletics,Angels,No Result
27,Padres,Giants,No Result
27,Dodgers,Rockies,No Result
27,Reds,Cubs,No Result
27,Guardians,Royals,No Result
27,Mets,Nationals,No Result
27,Pirates,Cardinals,No Result
27,Red Sox,Rays,No Result
27,Orioles,Blue Jays,No Result
27,Marlins,Braves,No Result
27,Astros,Phillies,No Result
27,White Sox,Twins,No Result
27,Rangers,Yankees,No Result
27,Brewers,Diamondbacks,No Result
27,Dodgers,Rockies,No Result
27,Athletics,Angels,No Result
27,Mariners,Tigers,No Result
27,Padres,Giants,No Result
